num_columns,total_length,max_column_length,query_time
1,1200726,1200726,52.05
1,145271,145271,51.66
1,772787,772787,33.24
1,779994,779994,50.71
1,375705,375705,52.02
1,225377,225377,51.02
1,225675,225675,49.10
1,377385,377385,49.63
1,769787,769787,33.60
1,754781,754781,50.19
1,816827,816827,46.31
1,1200414,1200414,48.55
1,225343,225343,54.93
1,1469114,1469114,47.08
1,225399,225399,33.79
1,375729,375729,33.92
1,604328,604328,34.84
1,450551,450551,49.66
1,451040,451040,48.87
1,1170640,1170640,31.39
1,1295925,1295925,50.21
1,150277,150277,51.04
1,1199412,1199412,30.16
1,300395,300395,32.08
1,4045795,4045795,87.91
1,2402426,2402426,39.20
1,550335,550335,68.36
1,1476982,1476982,50.81
1,331736,331736,49.61
1,215709,215709,50.48
1,216007,216007,50.54
1,333416,333416,49.20
1,1374779,1374779,51.16
1,1224042,1224042,46.00
1,215703,215703,49.42
1,1348162,1348162,52.84
1,134062,134062,49.23
1,2281753,2281753,49.52
1,1193765,1193765,47.64
1,215864,215864,34.12
1,585334,585334,48.94
1,42,42,43.83
1,2137920,2137920,73.72
1,450537,450537,55.19
1,300398,300398,54.51
1,88633,88633,54.15
1,75669,75669,54.15
2,215745,215703,50.36
2,1416278,1200414,44.76
2,1651263,1200726,54.00
2,441080,225377,55.03
2,1080392,779994,48.63
2,1424789,1199412,51.63
2,1925114,1374779,70.86
2,666749,451040,53.54
2,820335,604328,55.27
2,1920154,1469114,51.37
2,1548025,1170640,51.22
2,766342,550335,75.88
2,2371054,1200414,48.65
2,1978823,1224042,50.43
2,1055179,754781,49.30
2,525797,300398,49.47
2,1409468,1193765,49.84
2,1511628,1295925,50.78
2,1576797,1199412,50.52
2,776010,550335,80.46
2,783967,450551,57.51
2,1001375,550335,72.47
2,593392,377385,64.15
2,441241,225377,53.29
2,547743,331736,53.51
2,2117949,1348162,52.99
2,2401140,1200726,43.09
2,1531148,1199412,50.58
2,225946,150277,52.00
2,520976,375705,51.49
2,284339,150277,49.10
2,483693,333416,51.56
2,441102,225399,50.21
2,525797,300398,49.07
2,1694491,1469114,54.07
2,1223827,772787,54.94
2,775712,550335,85.35
2,466018,377385,50.37
2,1684823,1469114,55.35
2,676103,375705,52.90
2,441539,225675,54.15
2,516098,300395,50.76
2,1596320,1295925,44.94
2,784456,451040,56.01
2,595822,450551,50.22
2,1446202,1295925,47.39
2,549423,333416,53.33
3,967299,451040,52.14
3,1837383,1170640,55.08
3,997990,450551,55.94
3,2700536,1200726,49.93
3,1282108,604328,54.61
3,736840,375705,55.33
3,1563947,779994,56.72
3,1135437,550335,76.22
3,3341991,1348162,58.44
3,2840546,2281753,75.11
3,2850689,1200726,50.73
3,2304904,1476982,58.28
3,1413759,585334,59.15
3,734890,450551,55.05
3,3912297,2137920,103.74
3,3793685,2281753,63.69
3,4292345,2281753,53.89
3,4032237,2281753,62.84
3,3852874,2402426,53.10
3,1952807,1469114,55.64
3,2128768,1224042,54.54
3,755191,450551,59.25
3,1055070,604328,54.14
3,3660720,1469114,58.89
3,2466776,1199412,51.10
3,1757805,1200726,52.85
3,2763438,1348162,53.94
3,601466,300398,50.20
3,2296811,1295925,74.64
3,2735670,1295925,56.17
3,2072498,1224042,54.40
3,4347139,4045795,99.73
3,2259269,1476982,56.77
3,1726487,1200414,54.63
3,4604485,2137920,89.04
3,829713,604328,51.09
3,1263687,779994,55.37
3,3581866,1469114,52.76
3,1436345,769787,63.68
3,3341991,1348162,56.10
3,1288891,772787,56.86
3,1211704,779994,61.20
3,3690571,2137920,84.09
3,2346218,1200726,52.45
3,5965446,4045795,98.07
3,2698208,1170640,51.91
3,614374,300398,49.62
4,4137926,2281753,60.29
4,2431417,772787,56.22
4,2956689,2137920,108.23
4,2243166,1200414,81.32
4,3169999,1374779,55.73
4,1762114,1170640,59.48
4,2210620,1469114,66.58
4,4851698,2402426,66.85
4,2883175,2281753,62.49
4,6070057,4045795,102.92
4,4207210,2402426,56.46
4,2695024,1200414,57.22
4,3858937,2137920,110.95
4,2969767,1374779,71.28
4,1111114,585334,52.93
4,2950526,1224042,69.70
4,4507258,2281753,58.76
4,4607056,2281753,84.15
4,3307800,2402426,61.57
4,3732140,2281753,87.01
4,2929022,1374779,70.11
4,2158327,1348162,61.86
4,3118816,1476982,67.02
4,1823299,769787,58.04
4,1453790,550335,87.87
4,2862858,1374779,91.01
4,4646919,4045795,104.01
4,6809356,4045795,97.48
4,6703612,4045795,105.04
4,2461598,1374779,65.62
4,3412946,1224042,59.74
4,1590391,1200414,59.91
4,2831190,1374779,72.84
4,2498181,1199412,54.06
4,4144020,2402426,53.78
4,2213772,1476982,62.11
4,6588029,4045795,97.67
4,1025983,450537,81.98
4,2010302,1193765,62.95
4,3562275,2281753,54.87
4,2572419,2137920,85.03
4,3037796,2137920,94.77
4,918689,331736,77.77
4,3186491,1224042,61.26
4,3397987,1224042,64.73
4,1824128,779994,78.91
4,2200686,1200726,62.70
5,4126772,1200726,61.24
5,2009189,816827,61.81
5,2117971,1295925,64.26
5,2452427,1200414,65.46
5,5641601,2281753,88.97
5,8706121,4045795,111.54
5,5092424,2137920,97.31
5,4395011,1224042,65.25
5,1938533,779994,86.46
5,2547977,1295925,89.42
5,4296758,2137920,112.70
5,3918759,1200726,76.34
5,3128836,1476982,61.59
5,6666289,4045795,107.29
5,5151485,2281753,63.23
5,4407730,2281753,62.26
5,3752695,1348162,61.76
5,3633907,2137920,101.70
5,3641804,1469114,68.49
5,5126012,2281753,61.96
5,5216615,2281753,65.89
5,1185894,450537,65.08
5,1571360,754781,79.40
5,2182427,754781,68.85
5,4525011,1469114,70.04
5,3242656,2402426,68.06
5,3388443,1476982,76.41
5,1427312,779994,73.76
5,2462914,1170640,61.25
5,3993222,1200414,66.37
5,3598077,2402426,63.78
5,4231639,1476982,76.54
5,2701438,1200726,68.53
5,3601515,1469114,87.75
5,3212992,1348162,66.06
5,3503716,1200414,96.23
5,1925775,779994,64.73
5,2821177,1476982,80.66
5,3100636,1200414,64.64
5,4611499,2281753,61.94
5,4268321,2137920,114.48
5,1643235,451040,61.67
5,4466536,2402426,64.05
5,9489068,4045795,104.41
5,1032465,377385,61.04
5,3914390,2137920,119.54
5,3946339,1200726,63.70
6,2719733,1348162,81.78
6,4968270,2402426,65.67
6,4743729,1295925,85.10
6,3427864,1476982,92.09
6,5433078,1374779,82.94
6,7521864,2402426,112.97
6,4461062,1348162,82.64
6,4699002,2402426,118.80
6,4931059,2137920,123.90
6,3524370,1476982,93.50
6,3776823,1224042,93.30
6,3404490,1476982,100.38
6,3411728,1469114,77.50
6,3583440,1476982,101.38
6,4888678,2402426,95.62
6,2435378,772787,81.90
6,4929804,1374779,75.87
6,5472336,2281753,118.37
6,4470041,2137920,111.50
6,2740400,1295925,124.52
6,3861372,1348162,80.76
6,3137244,1374779,72.53
6,5304189,2281753,106.74
6,3846340,1193765,65.38
6,7780956,2281753,99.99
6,5302146,1374779,67.68
6,3608914,1469114,105.15
6,6142509,4045795,127.25
6,4790146,2137920,116.23
6,7663373,4045795,116.35
6,4218172,1476982,92.92
6,3333344,2137920,96.62
6,5311436,1476982,88.95
6,2768334,1295925,83.15
6,3171596,1200726,78.82
6,8332866,2402426,75.22
6,4114791,1224042,67.03
6,2651457,754781,113.52
6,5314013,1348162,84.85
6,5602039,2137920,111.26
6,8486459,2281753,102.72
6,3246537,1193765,98.63
6,2855738,1193765,63.76
6,6257326,2402426,75.72
6,8956473,4045795,116.56
6,3619715,1224042,92.95
6,2519886,816827,79.51
7,7007749,2137920,113.53
7,4114531,1295925,91.02
7,6978290,4045795,112.42
7,6049341,4045795,124.16
7,3848292,2402426,92.68
7,5399523,1469114,99.40
7,5719594,2281753,106.02
7,5761111,2281753,87.64
7,8434750,2402426,87.55
7,8893235,2402426,111.23
7,2551692,772787,110.83
7,7337684,4045795,134.75
7,5240786,2281753,125.44
7,8694936,4045795,145.55
7,9158515,4045795,114.49
7,3778200,1295925,85.12
7,8945689,4045795,154.95
7,4915577,1469114,100.73
7,4736943,2137920,117.26
7,6780678,4045795,133.67
7,5913183,2137920,107.04
7,6803923,1476982,97.53
7,7575541,4045795,142.67
7,7703052,4045795,148.98
7,3979044,1374779,99.00
7,5737890,1374779,88.09
7,6206041,1224042,98.48
7,5869563,2137920,119.05
7,6650181,4045795,113.45
7,6632088,1374779,80.17
7,5247069,1469114,96.80
7,7849494,4045795,124.94
7,8171889,4045795,115.69
7,4926452,2137920,105.62
7,3957133,1170640,70.46
7,4322538,1224042,109.98
7,6236746,2402426,84.45
7,2179127,1295925,82.57
7,4457129,1476982,78.73
7,7795271,4045795,135.60
7,9292871,4045795,129.05
7,4561289,1200726,96.98
7,3958266,816827,88.62
7,11160797,4045795,164.09
7,3566655,1200414,78.04
7,4385595,1295925,82.00
7,5520941,2281753,85.15
8,11476312,4045795,160.17
8,6816842,2281753,101.86
8,9817814,4045795,129.39
8,6582020,2281753,103.95
8,4486645,1199412,91.75
8,5971438,2281753,109.36
8,9773034,4045795,124.79
8,6782225,1476982,98.27
8,4910642,2137920,127.02
8,4993384,2402426,112.72
8,7518052,2402426,97.27
8,7091917,4045795,126.07
8,7486382,4045795,114.75
8,4464718,1200414,104.52
8,2834753,754781,104.93
8,2704457,1193765,105.80
8,4794653,2137920,141.55
8,5939043,1469114,121.83
8,6856753,2402426,82.13
8,6118777,2281753,92.39
8,6433142,2402426,85.87
8,3579548,779994,111.30
8,7256036,2137920,122.09
8,5899382,1476982,96.48
8,7344125,2281753,104.72
8,4877011,1348162,118.19
8,6524523,2137920,128.38
8,7193938,2137920,130.08
8,3427308,1200414,90.33
8,9288481,4045795,129.41
8,8070767,2402426,79.87
8,6940684,2402426,99.15
8,4329617,1199412,89.86
8,3863811,1199412,97.86
8,9849313,4045795,147.28
8,7289495,2402426,87.62
8,3564916,1200726,91.74
8,7016179,4045795,138.91
8,7002068,2281753,122.66
8,9547447,4045795,157.71
8,3994641,1374779,103.27
8,5640788,1200414,107.08
8,6499735,1469114,74.85
8,4017525,1193765,91.74
8,4429269,1469114,102.53
8,3523458,1224042,88.60
8,6015243,2402426,92.40
9,9101642,2137920,128.80
9,8831182,2281753,100.86
9,9086126,4045795,132.00
9,8058564,2402426,112.38
9,5533202,1348162,99.26
9,7226830,1476982,114.06
9,3843841,1469114,131.95
9,6842702,2137920,135.86
9,9466251,2402426,101.00
9,5512235,1476982,107.04
9,4419372,1200414,92.21
9,9238843,2402426,103.30
9,6516708,2137920,133.19
9,5715448,2402426,95.41
9,7690350,2137920,146.64
9,6853771,2281753,100.98
9,10553989,4045795,156.81
9,6509377,1469114,84.06
9,7682907,1469114,95.92
9,11857565,4045795,127.52
9,6167803,1200726,100.13
9,8455522,2137920,123.63
9,5244492,2137920,138.26
9,7144147,1469114,111.08
9,6192559,1348162,105.09
9,8861369,2137920,125.22
9,7551262,2281753,92.65
9,8275583,2281753,112.11
9,8446838,2402426,103.47
9,10433987,4045795,157.46
9,5390147,1374779,98.54
9,9876944,4045795,147.86
9,6785412,2402426,107.53
9,3125963,816827,107.13
9,8432793,2281753,90.81
9,8794514,4045795,158.18
9,4795285,1348162,100.99
9,6895484,1348162,128.23
9,8402798,2402426,147.29
9,4912492,1348162,97.24
9,9904995,2281753,104.71
9,3887554,1193765,93.32
9,4661250,1200726,117.64
9,4860127,1295925,100.16
9,11852888,4045795,157.21
9,9828073,4045795,129.15
9,4261674,1200414,99.77
10,10883742,4045795,145.39
10,9974379,4045795,150.80
10,6235946,2402426,113.43
10,6863208,1374779,146.15
10,13671114,4045795,180.73
10,9668374,2402426,152.13
10,8907717,2402426,115.40
10,9636517,4045795,137.83
10,9435363,2137920,143.17
10,9304863,4045795,154.02
10,7530633,2402426,136.33
10,5765916,1295925,125.94
10,9254031,4045795,150.40
10,7591125,2137920,133.55
10,8482201,2402426,108.71
10,6551506,1469114,116.62
10,11386710,4045795,164.51
10,9071540,2402426,127.08
10,8356782,2402426,127.53
10,7045593,1476982,129.22
10,5625415,2137920,161.42
10,6044003,1476982,117.26
10,5845948,2281753,111.03
10,5361250,2137920,137.94
10,9711285,2402426,106.66
10,7631641,2281753,126.62
10,5770352,1469114,134.55
10,8914162,2281753,115.72
10,10563188,4045795,151.03
10,5355084,1224042,113.61
10,5230712,1469114,132.54
10,7144866,2137920,139.98
10,5896507,1224042,119.76
10,5502011,1295925,131.51
10,6368297,1469114,118.77
10,8040193,1476982,119.74
10,5274389,1348162,123.44
10,6355245,1374779,144.31
10,6413902,1476982,126.93
10,7279756,1476982,104.65
10,11519820,4045795,150.18
10,4837802,1170640,101.40
10,5987372,2281753,117.84
10,9519731,4045795,170.80
10,6390736,1295925,118.74
10,8503462,2137920,147.51
10,6810007,2402426,136.01
11,8578726,1476982,136.37
11,8767856,2137920,152.23
11,8469588,4045795,146.13
11,5545279,1295925,124.70
11,9477274,2137920,148.11
11,9109687,4045795,161.76
11,6110691,1199412,142.34
11,8243305,2281753,135.13
11,9326986,1476982,118.75
11,8339756,2281753,140.10
11,7815727,1348162,139.44
11,9522128,4045795,184.54
11,7791717,1374779,133.13
11,10998516,4045795,183.64
11,8410606,2137920,173.30
11,8778626,4045795,164.43
11,8281711,2281753,125.12
11,8776750,2137920,147.76
11,10648762,4045795,181.90
11,10015018,4045795,149.49
11,7205605,2402426,121.08
11,12472610,4045795,146.30
11,6934784,1476982,109.12
11,9407773,2281753,131.81
11,5154983,1295925,94.02
11,7672106,2402426,129.41
11,4348148,779994,127.30
11,8180250,1476982,135.01
11,10221339,2402426,139.48
11,8344486,2281753,114.60
11,9287876,4045795,184.48
11,7489932,2281753,136.12
11,5204743,1224042,119.76
11,10325371,4045795,189.07
11,9041333,2137920,153.72
11,9492899,2281753,179.50
11,12461201,4045795,153.80
11,5513551,2137920,141.95
11,8516617,2137920,157.55
11,5049497,1170640,131.84
11,8235354,2281753,119.42
11,6328443,1348162,126.77
11,12270140,4045795,165.99
11,9917494,2402426,156.86
11,7894568,2281753,121.69
11,7582750,1469114,139.59
11,11653802,4045795,150.89
12,12431003,4045795,155.82
12,11052281,4045795,162.29
12,7852961,2402426,122.76
12,9979802,2281753,151.30
12,7517785,2137920,142.21
12,8728389,1476982,127.45
12,6588118,1476982,142.57
12,6041831,1348162,135.61
12,9535422,2281753,142.23
12,10667454,2402426,123.79
12,11033473,4045795,172.76
12,6226353,1200726,131.57
12,8254020,1348162,130.97
12,11237143,2281753,173.37
12,7149236,2137920,155.90
12,12338932,4045795,173.93
12,10421646,2402426,130.46
12,5849004,1224042,138.50
12,7227675,1476982,142.62
12,8334495,2281753,151.97
12,14265848,4045795,150.46
12,9310428,2281753,164.54
12,11293130,4045795,156.69
12,12636975,2402426,128.30
12,9442303,2402426,124.02
12,5929639,1224042,115.72
12,8109657,1348162,131.90
12,11330425,2402426,149.92
12,7500789,1469114,133.53
12,8116345,2281753,148.97
12,12131476,4045795,210.07
12,5987564,2281753,127.61
12,12424644,2281753,157.10
12,6729497,1476982,123.68
12,7269122,1476982,149.90
12,8499459,4045795,165.44
12,9710158,4045795,161.57
12,10165996,4045795,155.70
12,5048181,1200414,149.00
12,10154166,2281753,113.99
12,8557453,2281753,143.67
12,11110852,2137920,179.76
12,10310110,2281753,158.09
12,9290017,2402426,124.31
12,10222954,2137920,151.06
12,10505509,2137920,173.49
12,10893067,4045795,157.83
13,10356826,2281753,121.37
13,12534054,4045795,185.37
13,10298503,1476982,162.18
13,12567869,4045795,197.05
13,10804622,2402426,149.82
13,14836061,2402426,146.37
13,8066753,2137920,151.75
13,6897538,2281753,151.83
13,13835630,4045795,185.77
13,11220327,2137920,165.36
13,9914167,2281753,129.14
13,13306601,4045795,176.44
13,7640401,1469114,143.01
13,14493110,4045795,177.20
13,10160098,2402426,172.05
13,9660563,2137920,190.49
13,8309560,2137920,181.06
13,6447684,1348162,129.26
13,7202449,1374779,156.67
13,6371620,1476982,136.04
13,6548450,1295925,125.69
13,7415760,2137920,187.58
13,10473176,2402426,146.09
13,6460852,1476982,131.63
13,10366430,2281753,173.95
13,12357210,4045795,183.31
13,14323597,4045795,174.71
13,13637407,4045795,196.96
13,8587640,2137920,180.00
13,5510496,1224042,139.24
13,9842246,2281753,138.80
13,11685929,2281753,165.18
13,8522472,2402426,157.64
13,9815035,4045795,171.61
13,13021499,2402426,193.61
13,10071760,2402426,135.25
13,10400749,2281753,168.11
13,9629051,2281753,142.24
13,7450257,2137920,159.07
13,7365004,1348162,127.25
13,13147957,2402426,152.57
13,11264979,2402426,164.07
13,11139684,4045795,210.60
13,9277463,2281753,152.75
13,12781468,4045795,156.93
13,10005869,2281753,131.63
13,10235589,2137920,161.80
14,9784556,2137920,177.50
14,7908315,1348162,141.06
14,11676872,2137920,199.62
14,13259509,2402426,170.63
14,9061260,2137920,161.89
14,9746645,1469114,152.53
14,11793605,4045795,205.87
14,8631228,2402426,145.38
14,12968794,4045795,188.33
14,13212248,2402426,179.39
14,9587966,2281753,156.14
14,10654540,2281753,135.70
14,13172095,4045795,174.54
14,8647551,2137920,167.64
14,10974393,2402426,164.74
14,10831534,4045795,182.48
14,5946083,2137920,176.31
14,9157601,2402426,132.42
14,8358829,1476982,144.06
14,8823298,2281753,140.20
14,11720347,2402426,144.73
14,7387429,1476982,138.25
14,10013381,1374779,146.12
14,13965876,2402426,194.63
14,10214249,2402426,175.86
14,7287409,1295925,158.02
14,12067319,4045795,215.20
14,8147596,1469114,149.39
14,10512150,2402426,134.17
14,11137361,2281753,200.88
14,12232461,4045795,186.29
14,10816889,2402426,169.28
14,11160186,2137920,180.97
14,15260874,4045795,171.62
14,9630281,2281753,142.83
14,10922670,2137920,169.08
14,11464469,4045795,202.20
14,11732055,1476982,148.20
14,11461147,2137920,158.40
14,9414016,1469114,137.56
14,15159155,4045795,166.18
14,8353877,1476982,159.06
14,13912935,4045795,203.80
14,11741731,4045795,175.48
14,15780084,4045795,204.90
14,9733957,2402426,152.02
14,12940547,2402426,138.28
15,9816986,1476982,175.00
15,15650409,4045795,220.29
15,14569811,4045795,183.21
15,10254125,2137920,178.88
15,12752767,2281753,199.55
15,11241154,4045795,186.55
15,8395231,1469114,144.40
15,4529357,772787,156.89
15,14300213,4045795,197.31
15,12156187,4045795,218.49
15,9208649,1476982,171.61
15,15507903,2402426,175.04
15,11809522,2402426,182.42
15,11763032,4045795,202.58
15,11807176,4045795,195.03
15,12190533,2402426,201.20
15,12035294,4045795,185.23
15,9054028,1348162,166.21
15,9262473,2137920,164.44
15,13299020,2281753,201.81
15,15187584,4045795,194.55
15,9009997,2137920,182.29
15,13455488,4045795,182.70
15,15274297,4045795,190.49
15,15697128,4045795,202.74
15,8924732,4045795,182.67
15,10302704,2281753,151.84
15,13822233,4045795,183.41
15,8968301,1348162,146.67
15,12579821,2402426,165.74
15,10758359,2281753,162.03
15,12966567,2402426,174.98
15,12918006,2281753,185.64
15,14106941,4045795,216.32
15,10487675,4045795,191.51
15,7271906,1469114,154.32
15,11357662,4045795,178.71
15,15349469,2402426,138.87
15,15390274,4045795,183.59
15,12148510,2402426,154.39
15,15586769,4045795,169.42
15,13538845,4045795,203.46
15,12695492,4045795,196.40
15,15204751,4045795,180.58
15,10186153,2137920,206.29
15,13001516,4045795,157.72
15,15574244,4045795,216.21
16,10904986,2281753,153.29
16,12305722,2402426,143.79
16,12280756,2402426,182.70
16,12654574,4045795,214.54
16,12186565,2402426,202.15
16,8261779,1469114,165.85
16,9943942,1476982,171.60
16,11951161,2281753,197.00
16,15439656,4045795,189.83
16,7566206,1200726,173.15
16,14518829,2402426,212.30
16,11649998,2137920,177.46
16,10720144,2137920,174.30
16,14659460,4045795,196.22
16,6701371,1200726,177.50
16,11609024,4045795,215.90
16,8865403,1224042,143.60
16,17260209,4045795,231.58
16,11842640,4045795,181.71
16,11952478,4045795,207.87
16,10857491,1374779,144.37
16,10217433,2281753,151.15
16,10762573,2402426,149.20
16,14366594,2402426,218.09
16,10146793,1476982,158.79
16,11902031,2137920,192.16
16,12570192,2281753,155.40
16,16306873,4045795,201.92
16,11181691,2402426,193.98
16,12222092,2281753,180.78
16,16894876,4045795,225.35
16,13498987,4045795,215.85
16,9768596,1469114,161.84
16,7127825,1200726,160.07
16,19138060,4045795,228.87
16,13051784,2281753,185.70
16,13819065,4045795,225.14
16,10645627,1374779,146.52
16,11087760,1476982,181.05
16,12623790,2402426,187.98
16,11644015,2137920,183.48
16,11716437,2137920,199.48
16,10267205,2281753,157.47
16,16169894,4045795,214.87
16,14803326,2402426,151.16
16,13073039,2137920,177.50
16,12766949,2402426,168.00
17,14122533,2402426,176.59
17,14707248,2402426,183.17
17,16070041,4045795,202.55
17,13504212,2402426,148.52
17,12225156,2402426,207.67
17,14929440,4045795,226.64
17,9786261,2137920,193.36
17,12695071,4045795,204.47
17,9166659,2281753,189.65
17,12737220,2402426,162.43
17,11969445,1476982,167.07
17,14523910,4045795,229.19
17,13204738,1476982,150.88
17,13733736,4045795,206.80
17,11211044,2402426,165.96
17,15330565,4045795,209.06
17,10805852,1476982,164.56
17,12431492,4045795,223.28
17,14982051,4045795,218.24
17,11253383,1469114,159.69
17,12160631,2281753,182.04
17,10282047,2402426,214.94
17,13758294,4045795,211.72
17,9761930,1469114,153.87
17,14722159,4045795,211.69
17,15430377,4045795,245.67
17,16196648,4045795,196.70
17,10663411,2281753,156.89
17,14178076,2402426,160.99
17,11385243,1374779,189.10
17,15289577,4045795,212.87
17,11840463,2281753,181.18
17,17120256,4045795,221.16
17,11367029,1476982,175.16
17,11277666,1476982,194.38
17,14471382,2281753,206.40
17,13527346,2281753,181.78
17,13389573,4045795,197.36
17,15567289,4045795,220.47
17,13981365,2402426,178.14
17,14455678,4045795,224.93
17,12251234,2137920,204.96
17,12225058,2281753,187.29
17,14351941,4045795,221.13
17,9826915,1374779,179.63
17,11728187,2281753,211.53
17,11572060,2281753,169.32
18,14083705,2281753,207.61
18,11798427,2137920,207.10
18,9405811,1374779,174.94
18,14286671,4045795,235.08
18,11176222,1469114,166.25
18,12164038,1476982,172.68
18,11479531,2402426,194.77
18,15123482,4045795,206.91
18,16691440,4045795,225.45
18,10062198,2402426,163.73
18,13300979,2137920,196.66
18,15493492,2402426,169.80
18,16936162,4045795,210.75
18,12800308,2402426,197.75
18,12002249,1469114,201.21
18,18748043,4045795,236.74
18,13064953,4045795,248.15
18,11207948,1476982,179.05
18,11747995,2402426,214.93
18,17043767,4045795,204.89
18,17060690,4045795,210.72
18,13571263,1374779,163.97
18,13257788,2137920,191.97
18,13218474,2137920,198.71
18,11167830,2281753,175.66
18,12174314,2137920,212.79
18,12761311,4045795,204.38
18,11641178,2137920,205.39
18,18579625,4045795,221.60
18,10297367,2281753,181.61
18,12075803,2402426,174.96
18,13030200,4045795,194.10
18,13834417,4045795,220.02
18,13793342,2281753,171.74
18,16283051,2402426,184.53
18,13955912,2402426,180.57
18,9726672,1476982,163.85
18,14722362,4045795,202.71
18,14726030,2137920,208.98
18,14306040,2402426,223.23
18,18348248,4045795,208.82
18,15705026,2402426,209.80
18,9565837,2137920,205.70
18,13177406,2402426,177.25
18,16213950,4045795,254.73
18,13846952,2137920,213.29
18,17726388,4045795,225.75
19,11007112,1476982,168.82
19,16605952,4045795,255.26
19,16298065,2402426,192.37
19,19346500,4045795,225.86
19,13944251,2281753,206.52
19,16520850,4045795,224.65
19,18073068,4045795,211.20
19,16099637,2281753,170.53
19,13210842,2281753,232.00
19,19453888,4045795,234.08
19,14041270,2281753,183.23
19,16497694,4045795,223.59
19,18111056,4045795,229.12
19,16180804,2402426,217.18
19,13081188,2402426,186.58
19,14656512,2281753,227.23
19,16027509,2281753,169.02
19,14010847,4045795,212.45
19,17279680,4045795,246.42
19,13391743,2402426,183.62
19,10851998,1476982,159.80
19,17460775,4045795,222.23
19,15302270,4045795,237.93
19,16567541,4045795,233.05
19,16990278,4045795,235.41
19,19349354,4045795,232.24
19,17866850,4045795,205.93
19,16933419,4045795,264.90
19,15030097,2402426,175.70
19,13898950,2402426,234.41
19,16725916,2402426,181.77
19,11249257,2281753,176.81
19,21631389,4045795,242.62
19,18793774,4045795,210.20
19,11412051,1469114,188.74
19,14313499,2402426,198.62
19,15500877,4045795,247.91
19,14651419,4045795,212.96
19,15947221,2137920,204.58
19,15802239,2402426,192.10
19,9107896,1469114,178.61
19,16795089,4045795,255.33
19,14394102,2402426,177.14
19,16615137,4045795,221.31
19,12951950,2137920,204.45
19,8037524,1295925,194.21
19,16931046,4045795,240.11
20,15171212,2281753,186.24
20,13954720,2137920,208.15
20,12651292,2402426,182.65
20,20321679,4045795,249.98
20,13403102,2281753,186.20
20,15346870,2281753,215.71
20,17021684,4045795,219.98
20,13692372,2281753,173.41
20,16111885,4045795,236.88
20,13440560,2281753,188.34
20,14890589,4045795,228.25
20,17347430,4045795,224.26
20,18474560,4045795,238.57
20,19163027,2402426,219.87
20,15089832,2402426,214.21
20,15462364,4045795,239.67
20,13873998,2402426,205.92
20,17956827,2402426,219.11
20,17801990,2402426,210.48
20,16844198,4045795,211.09
20,17106323,4045795,215.73
20,18212377,4045795,243.55
20,17786680,4045795,216.87
20,13898478,4045795,207.05
20,15045210,4045795,217.79
20,11504221,1476982,187.54
20,13892965,4045795,221.02
20,17468938,2402426,224.69
20,18779258,2402426,223.67
20,14031572,2281753,197.64
20,15252949,2402426,192.35
20,10853154,1469114,204.32
20,13409356,1469114,190.52
20,11053440,2281753,209.47
20,12514046,2402426,186.03
20,17152980,4045795,212.65
20,21810133,4045795,225.68
20,20370086,2402426,232.75
20,17359209,4045795,204.42
20,10701719,1476982,203.67
20,16902196,4045795,246.17
20,18142070,4045795,205.44
20,16743242,2402426,208.76
20,16297938,4045795,236.07
20,18608389,4045795,247.31
20,13111252,2281753,193.54
20,13515955,2402426,225.18
21,14274632,4045795,211.45
21,13787127,2281753,237.90
21,17797188,2281753,216.29
21,14166905,2137920,213.69
21,16502481,2402426,196.87
21,17614383,4045795,243.89
21,12386817,2402426,191.56
21,14547926,2137920,221.38
21,15567277,2402426,189.78
21,19910605,4045795,271.43
21,23030866,4045795,270.96
21,19335228,2402426,218.44
21,13420333,2281753,194.66
21,15993242,2137920,223.00
21,19159393,4045795,220.76
21,13707043,1476982,209.74
21,11841756,2281753,187.77
21,19776685,4045795,260.26
21,12099989,1374779,208.80
21,18314588,4045795,249.88
21,16273493,2281753,218.77
21,18165650,4045795,227.62
21,12282436,2281753,191.88
21,13806329,2281753,211.25
21,17650883,2402426,223.73
21,15534058,2402426,216.98
21,14848751,1469114,196.48
21,13399246,2402426,198.13
21,15387210,2402426,180.94
21,12133772,1295925,217.88
21,12133819,2402426,193.66
21,18868605,4045795,253.88
21,15765260,4045795,224.89
21,19182115,4045795,247.92
21,17115326,4045795,230.22
21,15084272,1476982,214.07
21,12774332,2402426,218.75
21,20142714,4045795,265.95
21,17577231,2402426,227.50
21,17708344,2402426,224.03
21,13648814,2137920,230.87
21,18038984,4045795,244.48
21,16315287,2402426,244.54
21,19064484,4045795,252.55
21,17981882,4045795,273.20
21,16166116,4045795,236.94
21,17021447,2402426,219.38
22,15188032,2137920,225.17
22,18778746,4045795,258.85
22,17280494,2281753,223.36
22,18758578,4045795,270.80
22,21365168,4045795,246.97
22,16953345,2402426,199.03
22,21398969,4045795,256.77
22,22607073,4045795,271.30
22,17121033,4045795,246.70
22,25555247,4045795,258.71
22,19259980,4045795,252.69
22,14156020,2281753,218.88
22,19665375,4045795,269.62
22,17881939,4045795,225.94
22,18946646,4045795,239.82
22,15618055,2137920,224.59
22,17073081,4045795,240.30
22,18321711,4045795,252.26
22,20932958,4045795,226.97
22,14756843,1469114,220.40
22,20873792,4045795,251.41
22,14164915,2402426,216.89
22,15731955,2281753,189.92
22,18054786,2402426,217.10
22,13145706,2281753,217.37
22,19597633,4045795,256.25
22,12464979,2402426,186.91
22,20881023,4045795,268.64
22,14371275,2281753,210.56
22,18089037,2402426,194.72
22,14803344,2281753,224.26
22,17001181,4045795,245.87
22,14372434,1476982,192.24
22,17238137,2402426,216.09
22,16785493,2402426,214.16
22,17101683,2402426,238.27
22,15304535,4045795,217.65
22,17038035,2137920,216.80
22,17904198,2402426,201.84
22,16057700,2281753,222.16
22,17208675,4045795,267.53
22,14544673,2137920,241.11
22,17976525,4045795,243.91
22,20148818,4045795,287.40
22,20743082,4045795,251.53
22,17220441,2281753,237.65
22,17451375,4045795,226.01
23,21404592,4045795,231.23
23,21138755,4045795,258.09
23,15216162,1476982,224.90
23,22022075,4045795,229.19
23,14940623,2137920,247.33
23,17532245,2402426,235.39
23,15802896,2281753,208.97
23,22790154,4045795,250.57
23,20990569,4045795,228.47
23,18349342,4045795,260.17
23,22961477,4045795,250.27
23,24601624,4045795,279.47
23,17930947,2402426,220.84
23,16954803,2281753,256.72
23,18749407,4045795,229.89
23,17019284,4045795,253.89
23,17092800,2281753,221.70
23,21766608,4045795,278.20
23,19056694,2402426,220.79
23,17946900,4045795,257.33
23,17696017,4045795,251.31
23,20285102,4045795,270.00
23,15215180,2137920,246.97
23,14940309,2281753,202.15
23,20020835,4045795,240.75
23,18430015,4045795,261.27
23,18727963,4045795,263.38
23,23264573,4045795,225.06
23,15337581,2402426,211.61
23,13420644,1476982,206.97
23,19957341,4045795,282.14
23,17973138,2137920,232.51
23,18456656,2281753,207.55
23,17564419,4045795,250.87
23,12863893,1374779,220.81
23,19117352,4045795,286.42
23,16982926,2281753,254.24
23,16841550,2402426,229.51
23,20786547,4045795,286.31
23,14377827,2281753,215.19
23,18897245,4045795,283.51
23,15563348,4045795,237.07
23,20361579,2402426,254.62
23,16005070,4045795,271.03
23,19546308,2402426,232.83
23,17974632,4045795,260.06
23,13798130,4045795,235.75
24,17897954,2402426,234.52
24,17324869,4045795,258.06
24,18681502,2281753,254.59
24,17169539,2281753,203.30
24,15547677,1476982,189.91
24,13312660,1476982,202.62
24,21601373,4045795,282.78
24,21627290,4045795,293.20
24,17880380,2402426,230.77
24,15249210,1476982,203.55
24,21076711,4045795,285.36
24,23089272,4045795,269.73
24,15183876,2402426,207.66
24,15103934,2402426,238.78
24,21816318,4045795,247.27
24,20229048,4045795,238.40
24,17061064,2402426,239.18
24,18021118,2402426,273.20
24,22414311,4045795,244.62
24,18359776,2402426,253.86
24,23342072,4045795,252.71
24,15416796,1476982,228.35
24,23729015,4045795,296.99
24,16024882,2281753,207.32
24,19070951,2402426,239.41
24,20317057,4045795,260.39
24,14571103,1476982,208.47
24,25734178,4045795,286.74
24,18497331,2402426,213.16
24,21174955,2402426,259.01
24,17315750,4045795,249.40
24,19109130,4045795,285.52
24,17760553,4045795,252.82
24,18310924,4045795,236.44
24,17849979,2402426,242.28
24,17370908,4045795,237.61
24,19174774,4045795,240.15
24,20825033,4045795,262.96
24,18303326,4045795,297.20
24,18227177,2402426,209.11
24,15343005,2137920,241.88
24,16261314,2137920,226.93
24,22000626,4045795,295.87
24,19425979,2402426,243.57
24,21532793,4045795,282.47
24,19984641,4045795,230.70
24,15520110,2402426,240.25
25,21248384,2402426,234.69
25,18017497,2402426,202.33
25,18698321,4045795,255.64
25,20160791,4045795,278.19
25,17829840,2281753,242.99
25,21042941,4045795,241.65
25,14927044,2137920,243.27
25,21453842,4045795,276.31
25,18688391,2402426,257.21
25,17398402,2402426,208.57
25,14024855,1476982,209.74
25,25071351,4045795,280.48
25,15786930,2137920,250.20
25,19954324,2402426,267.02
25,19835020,2402426,255.38
25,17996655,2402426,228.54
25,18753018,2402426,209.90
25,17146601,2402426,229.63
25,13998903,1374779,228.66
25,19921250,4045795,298.58
25,22934149,4045795,302.61
25,19019492,4045795,257.08
25,23403069,4045795,296.18
25,18020394,4045795,264.91
25,22159720,4045795,249.49
25,17227703,1476982,220.71
25,19385928,2402426,211.24
25,20629382,4045795,256.70
25,18866886,2402426,235.17
25,19675073,2402426,257.35
25,16964180,2281753,244.52
25,17740192,2281753,229.42
25,21325694,4045795,262.83
25,23383411,4045795,277.12
25,20603348,4045795,283.49
25,18160872,2402426,209.31
25,22725622,4045795,276.88
25,14842719,1476982,236.36
25,22407099,4045795,285.72
25,21542774,4045795,257.87
25,17298731,2281753,241.49
25,26279676,4045795,262.43
25,17944033,2137920,258.57
25,22800698,4045795,285.74
25,15784075,2402426,218.88
25,20606340,4045795,265.50
25,16554477,2137920,243.47
26,22911222,4045795,259.44
26,24814101,4045795,280.86
26,17443238,2281753,215.86
26,23905281,4045795,287.98
26,23044068,4045795,283.07
26,24288760,4045795,280.76
26,20060684,4045795,303.27
26,20558548,4045795,259.39
26,22916329,2402426,248.21
26,19529745,4045795,273.74
26,18557876,2402426,229.95
26,20167398,2402426,244.41
26,18414592,2402426,236.13
26,18760639,2402426,219.86
26,16438523,2281753,214.87
26,17353879,2402426,260.43
26,22356362,4045795,264.99
26,21315164,4045795,266.24
26,23863482,4045795,277.72
26,21562747,4045795,269.05
26,19276379,2402426,223.01
26,23420643,4045795,284.64
26,18910728,4045795,259.91
26,16379479,2402426,264.10
26,18258631,2281753,268.89
26,20242336,4045795,303.19
26,21672633,4045795,279.43
26,17576124,2402426,245.36
26,20139516,4045795,255.95
26,16432898,2137920,245.02
26,22775433,4045795,288.76
26,21235123,4045795,275.88
26,24479661,4045795,281.77
26,19277503,4045795,303.17
26,18704739,4045795,236.82
26,23185969,4045795,304.69
26,17878263,2281753,267.99
26,17679567,4045795,276.29
26,17933124,2281753,222.06
26,22928191,4045795,269.72
26,21308868,2402426,264.71
26,23138172,4045795,304.43
26,21863084,4045795,263.81
26,18465989,2402426,221.40
26,16069621,2281753,237.29
26,19973372,2281753,272.05
26,20122088,4045795,301.76
27,22634734,4045795,282.39
27,18092371,4045795,256.15
27,21273520,4045795,271.50
27,23312872,4045795,310.51
27,21884500,4045795,273.13
27,23361487,2402426,256.76
27,26352827,4045795,305.37
27,18356785,2402426,263.49
27,20414487,4045795,275.70
27,18914882,2402426,264.10
27,24825364,4045795,298.68
27,20490503,4045795,270.65
27,22081354,4045795,272.06
27,22927261,4045795,268.83
27,21707672,2402426,276.14
27,25578652,4045795,305.61
27,18569803,2402426,280.24
27,18366958,4045795,254.44
27,23143342,4045795,266.55
27,20098682,2402426,238.48
27,18120570,2281753,281.51
27,24267102,4045795,301.08
27,17858408,2402426,254.10
27,22582771,4045795,282.03
27,21742616,2402426,254.17
27,24248627,4045795,303.02
27,21818335,4045795,280.44
27,21943933,2402426,249.48
27,23129006,4045795,290.09
27,17529551,2402426,245.37
27,18472226,2402426,250.77
27,23232030,4045795,286.60
27,20088408,2402426,262.78
27,15834249,2281753,226.96
27,23197300,4045795,242.17
27,21425482,4045795,268.68
27,24047988,4045795,295.53
27,21917810,2402426,266.51
27,19117135,2402426,273.94
27,22086402,2402426,274.62
27,24112218,4045795,280.32
27,20126374,4045795,262.03
27,19323746,4045795,267.69
27,20513427,4045795,257.73
27,20124418,2402426,250.18
27,18367883,2137920,250.53
27,24098789,4045795,276.86
28,24560464,4045795,288.86
28,19430898,2402426,240.61
28,25845400,4045795,322.24
28,22598226,4045795,273.04
28,22124448,2281753,268.18
28,21510361,2402426,251.14
28,25444180,4045795,317.67
28,18738156,1476982,232.79
28,25888032,4045795,313.20
28,18517728,4045795,273.59
28,24929584,4045795,289.64
28,20527262,2281753,251.68
28,27712283,4045795,310.88
28,27389217,4045795,289.67
28,22371223,4045795,282.36
28,16946525,4045795,275.70
28,28160115,4045795,285.79
28,24817356,4045795,298.05
28,23956779,4045795,320.20
28,20696731,2402426,263.18
28,24377860,4045795,295.55
28,26918539,4045795,295.45
28,23233515,4045795,287.14
28,13722689,1200726,245.12
28,19765389,2402426,260.28
28,23668854,4045795,310.12
28,18078224,2281753,289.47
28,16760209,2281753,272.45
28,21279088,2281753,265.78
28,21221405,4045795,263.32
28,21711599,2402426,283.26
28,21503064,2402426,267.92
28,20543085,4045795,266.59
28,20873123,2137920,271.17
28,22325092,4045795,304.80
28,23522839,4045795,270.63
28,20330560,4045795,303.22
28,20058256,2402426,279.86
28,24730511,4045795,296.55
28,24129281,4045795,315.18
28,19163793,2402426,229.58
28,21677206,4045795,311.96
28,16294405,2402426,246.26
28,16962917,2402426,260.04
28,26054842,4045795,302.75
28,20816733,4045795,283.58
28,25459146,4045795,271.67
29,20082589,2281753,292.39
29,28791009,4045795,311.26
29,26307224,4045795,316.33
29,21930591,2402426,276.08
29,24869326,4045795,306.54
29,22254679,2402426,279.68
29,24256467,4045795,313.51
29,20169118,2402426,285.11
29,21401939,2281753,287.72
29,21173492,2281753,282.22
29,22509655,2402426,288.31
29,22597496,2402426,295.90
29,20648089,2402426,253.34
29,19883329,2402426,283.06
29,23455406,2402426,284.03
29,19973097,2402426,229.43
29,19491376,2281753,282.62
29,24576050,4045795,306.36
29,21581599,4045795,282.45
29,22322120,2402426,255.26
29,23771299,4045795,287.92
29,23649297,4045795,282.11
29,22857560,4045795,301.45
29,23865433,4045795,321.74
29,25109874,4045795,270.81
29,24718547,4045795,322.20
29,21280009,2281753,282.83
29,23096698,2402426,289.48
29,23643142,4045795,269.20
29,23422589,4045795,296.34
29,19218332,2402426,269.94
29,23590115,4045795,296.38
29,28111967,4045795,304.02
29,23619202,4045795,268.76
29,19636218,2402426,284.80
29,21823969,4045795,269.23
29,21628277,2402426,243.78
29,25381487,4045795,296.85
29,25334850,4045795,296.46
29,21503916,4045795,268.71
29,17250435,2402426,252.74
29,21397921,2402426,281.04
29,22029913,2402426,249.80
29,22930222,4045795,293.79
29,21261003,2402426,271.55
29,23917152,4045795,286.09
29,20587313,2402426,234.87
30,27652234,4045795,322.30
30,19672775,2281753,255.98
30,25328984,4045795,329.11
30,27686078,4045795,317.31
30,22856277,4045795,290.05
30,22710594,4045795,277.87
30,27908573,4045795,317.29
30,30104436,4045795,306.91
30,21449523,4045795,275.23
30,25325715,4045795,320.87
30,21825174,4045795,265.75
30,29662122,4045795,299.92
30,22964501,4045795,311.83
30,23078639,4045795,300.37
30,26063156,4045795,295.15
30,23607506,4045795,328.31
30,19803580,2137920,268.50
30,22014164,2402426,290.48
30,21161277,2281753,272.49
30,21644523,4045795,290.81
30,21667736,2281753,260.61
30,24665930,4045795,295.88
30,27791392,4045795,321.27
30,22686749,4045795,300.66
30,17308915,1469114,253.77
30,26225941,4045795,312.41
30,19480189,2402426,259.81
30,19531310,2281753,292.51
30,23869772,4045795,321.19
30,27510600,4045795,318.60
30,19357233,2402426,270.68
30,28950119,4045795,306.57
30,27027216,4045795,298.64
30,21782220,4045795,291.85
30,19653761,2402426,240.83
30,24181792,4045795,289.88
30,21417675,2137920,271.53
30,22443330,4045795,296.90
30,25453464,4045795,328.30
30,22745391,2402426,279.04
30,21514154,2402426,259.35
30,20232493,2402426,293.62
30,21338292,2281753,276.94
30,23595390,4045795,311.80
30,20959633,2281753,299.41
30,23118706,4045795,326.25
30,24814762,4045795,289.01
31,25180737,4045795,322.42
31,26648586,4045795,295.39
31,26198049,4045795,297.54
31,23483545,4045795,283.88
31,27546519,4045795,306.05
31,27032343,4045795,312.22
31,22843420,4045795,304.25
31,25106625,4045795,295.85
31,26138096,4045795,312.62
31,22410568,2402426,274.76
31,21052814,2402426,288.96
31,24110609,2402426,295.45
31,24890401,4045795,322.89
31,22615534,2402426,307.74
31,23998985,4045795,326.49
31,27747539,4045795,323.84
31,26909293,4045795,333.73
31,19648938,2402426,258.28
31,21311581,2281753,294.19
31,25502365,4045795,313.51
31,24315424,4045795,307.98
31,22241550,4045795,328.57
31,28334007,4045795,303.33
31,25729252,4045795,295.30
31,18886238,2281753,249.76
31,26095652,4045795,335.89
31,21299245,2402426,301.76
31,27041343,4045795,317.63
31,26042140,4045795,329.94
31,26344887,4045795,304.49
31,25536747,4045795,332.84
31,24524305,2402426,301.49
31,26781678,4045795,329.74
31,28881582,4045795,321.36
31,28037973,4045795,297.71
31,25987830,4045795,312.18
31,29849440,4045795,322.35
31,25285143,4045795,306.42
31,25897805,4045795,304.56
31,23860422,4045795,285.89
31,21291135,2281753,288.61
31,22331799,4045795,328.85
31,28066100,4045795,312.31
31,19616479,2402426,276.15
31,24689031,4045795,304.66
31,23919656,2402426,294.12
31,23007233,4045795,311.01
32,23081829,4045795,306.98
32,23274977,2402426,292.02
32,25820943,4045795,330.92
32,23692243,4045795,335.67
32,20994053,4045795,303.41
32,24404036,4045795,290.48
32,25510659,2402426,317.20
32,27686769,4045795,337.91
32,26662876,4045795,333.13
32,21786618,2402426,256.30
32,26561285,4045795,333.79
32,27614599,4045795,313.03
32,23680163,4045795,285.25
32,28833480,4045795,319.76
32,20186504,2281753,286.78
32,26039263,4045795,337.99
32,24073821,2281753,279.51
32,25462157,4045795,302.68
32,28042062,4045795,340.53
32,27166778,4045795,341.56
32,29982178,4045795,327.24
32,24054496,2402426,310.80
32,22683989,2402426,275.84
32,23221849,2402426,302.49
32,21928684,2402426,273.10
32,24519383,4045795,322.25
32,19855954,2402426,253.71
32,23795271,4045795,306.42
32,26049202,4045795,324.48
32,25687426,4045795,292.39
32,24885298,4045795,304.21
32,26295166,2402426,307.13
32,24645724,4045795,302.48
32,22946176,2402426,285.65
32,26027459,4045795,332.99
32,24904051,2402426,300.72
32,21118897,2402426,300.67
32,23462085,4045795,303.01
32,26331379,4045795,313.30
32,24756933,2402426,302.39
32,23494987,2402426,302.47
32,25680312,4045795,342.60
32,21651510,2402426,256.56
32,19372365,2402426,250.36
32,24823597,4045795,337.93
32,26779784,4045795,306.42
32,26659684,4045795,337.15
33,30784399,4045795,339.67
33,26066359,4045795,337.90
33,22301505,2402426,282.24
33,29405909,4045795,336.57
33,28043473,4045795,330.74
33,25001663,4045795,310.78
33,26695599,2402426,303.44
33,29238381,4045795,340.15
33,23461559,2402426,312.63
33,29666573,4045795,322.11
33,25461767,2402426,309.57
33,28401506,4045795,335.83
33,25462681,2402426,303.75
33,29124104,4045795,345.76
33,26514380,4045795,345.17
33,26740464,4045795,340.88
33,19996123,2137920,302.66
33,22802974,4045795,292.05
33,22163691,4045795,312.54
33,26615314,4045795,311.20
33,18023872,2137920,301.39
33,26704199,4045795,336.84
33,24386214,4045795,350.59
33,27051190,4045795,319.96
33,26757584,4045795,336.07
33,26888743,4045795,319.23
33,23555912,4045795,308.96
33,23112871,2281753,304.90
33,24215757,2402426,289.97
33,25008611,4045795,327.63
33,27372112,4045795,323.00
33,27476279,4045795,313.65
33,26213055,4045795,335.97
33,26984743,4045795,331.21
33,25581338,4045795,334.40
33,26801985,4045795,342.64
33,21803305,2281753,315.41
33,23722390,4045795,335.48
33,26551215,4045795,326.61
33,23548646,2402426,308.19
33,29109230,4045795,321.92
33,26007573,2402426,306.12
33,23245590,4045795,312.27
33,24739248,2402426,293.67
33,23194072,2137920,314.17
33,30515259,4045795,346.53
33,26602005,2402426,305.80
34,27027678,4045795,344.13
34,24908891,4045795,337.46
34,23779293,2281753,313.39
34,27507411,4045795,329.90
34,28131305,4045795,339.39
34,26200535,2402426,316.25
34,24988081,2402426,315.34
34,29130709,4045795,356.87
34,28219144,4045795,328.66
34,24412064,2402426,325.82
34,24203869,4045795,302.02
34,27791821,4045795,339.28
34,29830450,4045795,352.03
34,24413098,4045795,330.26
34,29697969,4045795,354.65
34,25596976,4045795,314.41
34,29501560,4045795,317.44
34,24487564,2402426,313.31
34,29953487,4045795,323.04
34,29552678,4045795,344.77
34,27753165,4045795,319.38
34,25998888,4045795,342.08
34,25662592,4045795,345.34
34,29607256,4045795,327.37
34,28783408,4045795,328.74
34,24268025,4045795,340.06
34,23922696,2402426,288.28
34,24751792,2281753,314.27
34,23445532,2402426,312.01
34,23624264,4045795,319.00
34,21887644,2281753,287.11
34,24899443,2402426,304.54
34,22793719,2402426,326.21
34,25745638,4045795,344.03
34,28912793,4045795,332.66
34,28568385,4045795,320.38
34,23441487,4045795,331.67
34,22221282,2402426,296.24
34,21418251,2137920,307.91
34,28116892,4045795,343.48
34,24545120,4045795,306.16
34,27623139,4045795,344.30
34,27076830,4045795,315.86
34,23601340,2402426,288.54
34,26816681,4045795,342.01
34,25351251,2402426,293.08
34,26317414,2402426,315.71
35,27201466,2402426,314.67
35,24605760,2402426,300.23
35,26497477,2402426,304.93
35,28984542,4045795,346.14
35,29969375,4045795,339.86
35,24060824,4045795,351.24
35,25656131,2402426,314.82
35,27965110,4045795,306.76
35,25883492,4045795,363.24
35,27509205,4045795,345.56
35,28506154,4045795,357.18
35,28336094,4045795,336.47
35,26868060,4045795,354.21
35,30472930,4045795,310.08
35,27381180,2402426,311.94
35,23382092,2402426,269.52
35,29709202,4045795,318.84
35,27939503,4045795,310.85
35,21731328,2402426,285.34
35,28496412,4045795,342.90
35,32218234,4045795,339.11
35,24792905,2281753,302.36
35,29134167,4045795,355.59
35,26200301,2402426,273.22
35,26079281,2402426,310.29
35,26203146,2402426,317.90
35,31451474,4045795,348.26
35,27187689,4045795,323.67
35,30528577,4045795,347.06
35,29991121,4045795,349.83
35,27517726,4045795,361.76
35,27727794,4045795,309.67
35,31650754,4045795,334.98
35,29782960,4045795,353.06
35,28118562,4045795,352.62
35,27669202,4045795,325.24
35,26888663,2402426,319.89
35,26874520,4045795,318.52
35,28382032,4045795,357.16
35,28471982,4045795,353.23
35,28026647,2402426,327.34
35,29292006,4045795,357.60
35,28359571,4045795,354.67
35,29238493,4045795,343.52
35,21435922,2402426,291.77
35,25188846,4045795,319.76
35,31025926,4045795,337.92
36,30606701,4045795,315.22
36,31247029,4045795,343.62
36,28660204,4045795,368.41
36,27618835,4045795,316.06
36,29089325,4045795,367.48
36,27612027,4045795,357.50
36,30015118,4045795,364.05
36,29371974,4045795,329.32
36,28580640,4045795,366.74
36,24571879,2137920,308.65
36,26778473,4045795,324.24
36,25892646,4045795,340.21
36,27286275,2402426,327.77
36,25114961,2402426,299.83
36,26168284,2402426,318.91
36,30987850,4045795,357.68
36,29169283,4045795,352.05
36,27778376,4045795,342.14
36,28928864,4045795,346.75
36,24049917,2402426,320.19
36,32537728,4045795,347.57
36,23918054,2281753,336.02
36,28740964,2402426,328.85
36,26464829,2402426,328.21
36,29716014,4045795,352.44
36,24011489,2281753,331.17
36,26833286,4045795,353.04
36,28375718,4045795,343.53
36,27798328,4045795,357.78
36,26175699,2402426,333.52
36,29638029,4045795,352.08
36,26958348,4045795,362.37
36,31860683,4045795,355.67
36,27131592,4045795,363.17
36,29642866,4045795,352.60
36,29869790,4045795,352.84
36,25518835,2402426,296.26
36,31403992,4045795,333.31
36,30801087,4045795,352.43
36,31737922,4045795,347.29
36,27336168,4045795,349.79
36,30419430,4045795,354.30
36,30249921,4045795,344.65
36,31710564,4045795,360.64
36,27987666,4045795,322.54
36,27090753,4045795,356.12
36,29746090,4045795,332.89
37,27136600,4045795,331.78
37,28340248,4045795,356.06
37,30753947,4045795,361.67
37,30489569,4045795,357.85
37,29876053,4045795,356.23
37,31652376,4045795,362.54
37,28956366,4045795,367.24
37,31071655,4045795,368.45
37,32014188,4045795,356.94
37,28554700,2402426,336.94
37,27673175,4045795,344.18
37,31329129,4045795,363.93
37,25919926,2402426,341.95
37,30089133,4045795,349.77
37,29089197,4045795,341.86
37,29166155,4045795,319.99
37,28051572,4045795,359.90
37,32283063,4045795,349.64
37,29280518,4045795,353.89
37,31471321,4045795,366.15
37,31106971,4045795,340.55
37,30955674,4045795,347.82
37,29974043,4045795,359.83
37,27138105,2402426,327.41
37,28841100,4045795,339.28
37,30368426,4045795,369.53
37,29686548,2402426,337.68
37,30120505,4045795,350.82
37,32031810,4045795,363.60
37,25121574,2281753,298.98
37,26161425,4045795,337.07
37,28757682,4045795,364.03
37,29375665,4045795,369.74
37,29603195,4045795,331.44
37,28207955,4045795,334.53
37,28321195,4045795,309.99
37,25155842,2281753,313.41
37,28149114,4045795,357.11
37,27524549,4045795,364.09
37,27245070,4045795,359.45
37,25126149,2281753,315.92
37,32884697,4045795,358.92
37,25747154,4045795,356.83
37,31401074,4045795,353.88
37,28745019,4045795,365.82
37,30104264,4045795,370.90
37,29394635,4045795,340.60
38,28088237,2402426,338.52
38,28733403,4045795,336.04
38,28266725,2402426,345.04
38,28995357,2402426,337.93
38,30718208,4045795,372.37
38,24954200,2402426,309.33
38,30920988,4045795,353.82
38,31041178,4045795,373.31
38,30653006,4045795,378.44
38,27101003,2402426,336.33
38,31496944,4045795,373.94
38,28700556,4045795,364.35
38,32202673,4045795,336.65
38,26882910,4045795,375.68
38,31999307,4045795,366.38
38,31058617,4045795,372.45
38,29477396,2402426,344.55
38,32986545,4045795,372.04
38,26110723,2402426,310.73
38,30709468,4045795,368.32
38,30088285,4045795,347.50
38,30364175,4045795,374.17
38,30700552,4045795,369.42
38,28380014,4045795,351.68
38,29037629,4045795,375.46
38,30022554,4045795,374.85
38,31528183,4045795,353.02
38,32316686,4045795,357.01
38,24612155,2402426,337.25
38,29831128,4045795,339.20
38,32970472,4045795,366.53
38,28029020,2402426,295.15
38,29682248,4045795,368.68
38,30958128,4045795,357.70
38,30928072,4045795,365.09
38,30748094,4045795,356.81
38,29983427,4045795,360.10
38,24819274,4045795,318.30
38,30670716,4045795,368.43
38,27350729,4045795,375.77
38,29310625,4045795,370.50
38,26878014,4045795,348.69
38,27246714,4045795,340.15
38,28165942,4045795,364.35
38,28748527,2402426,340.59
38,26088213,2281753,341.90
38,28398032,4045795,362.91
39,32106329,4045795,372.61
39,29760582,4045795,343.41
39,30144333,4045795,372.73
39,30101845,4045795,368.55
39,29663622,4045795,366.65
39,30559645,4045795,322.83
39,29691354,4045795,372.33
39,31701359,4045795,376.38
39,32898017,4045795,352.76
39,28551614,4045795,375.56
39,31327554,4045795,373.68
39,28122127,4045795,360.76
39,32812165,4045795,368.55
39,26148197,2402426,346.04
39,30906473,4045795,370.73
39,28166492,4045795,356.30
39,27367944,2402426,313.79
39,31374717,4045795,371.13
39,30769900,4045795,378.95
39,29322005,4045795,381.90
39,34069003,4045795,369.55
39,30619303,4045795,382.41
39,29020155,4045795,319.81
39,31532612,4045795,338.64
39,30353377,4045795,351.56
39,33114741,4045795,376.03
39,33634083,4045795,375.93
39,33290350,4045795,367.16
39,28950813,2402426,334.19
39,27187510,2402426,343.14
39,33724527,4045795,375.85
39,28916586,2402426,325.04
39,30296709,2402426,325.78
39,28620718,4045795,372.15
39,28799642,4045795,378.88
39,31789002,4045795,362.27
39,30851115,4045795,368.38
39,29575631,4045795,376.42
39,30016142,4045795,372.46
39,31259964,4045795,377.44
39,31069135,4045795,367.97
39,31782239,4045795,370.47
39,31161360,4045795,380.77
39,29046626,4045795,369.72
39,33066285,4045795,365.58
39,30325504,4045795,376.45
39,30898127,4045795,371.40
40,31616155,4045795,380.18
40,33566456,4045795,376.24
40,30104787,4045795,376.39
40,32210771,4045795,363.16
40,33731425,4045795,383.23
40,34673999,4045795,375.94
40,29013239,4045795,347.71
40,33416912,4045795,384.91
40,32196517,4045795,382.88
40,30468712,4045795,377.00
40,33908232,4045795,370.39
40,32981475,4045795,381.51
40,31470823,4045795,358.13
40,30780670,4045795,378.56
40,32998492,4045795,383.90
40,26055380,2281753,319.84
40,30147891,2402426,353.63
40,32081286,4045795,355.31
40,33921089,4045795,375.37
40,31702579,4045795,378.90
40,34350621,4045795,385.65
40,31774081,4045795,377.10
40,31964288,4045795,373.35
40,32719567,4045795,383.44
40,28242427,4045795,386.03
40,33054400,4045795,381.61
40,30064689,4045795,385.33
40,30328255,4045795,381.32
40,29511062,4045795,378.22
40,32775473,4045795,362.65
40,30578844,4045795,379.28
40,32731910,4045795,370.62
40,31656232,4045795,380.09
40,30388080,4045795,357.33
40,30927148,4045795,384.97
40,32323443,4045795,383.67
40,33893751,4045795,382.20
40,32630900,4045795,375.53
40,30861743,4045795,374.45
40,32560259,4045795,363.21
40,32217094,4045795,380.77
40,32231983,4045795,378.97
40,33007890,4045795,362.78
40,35035368,4045795,378.16
40,31754169,4045795,366.34
40,29630118,4045795,380.59
40,31575560,4045795,384.61
41,32153304,4045795,393.86
41,34258206,4045795,369.09
41,33512751,4045795,383.82
41,29847243,2402426,365.45
41,29497754,4045795,361.26
41,31096754,4045795,362.66
41,30762922,4045795,356.27
41,33202571,4045795,385.03
41,33516863,4045795,398.71
41,27966588,2402426,336.03
41,34758774,4045795,384.82
41,33317011,4045795,389.02
41,33600907,4045795,394.29
41,32033622,4045795,359.79
41,32719577,4045795,393.99
41,29187279,2402426,364.33
41,31131689,4045795,388.71
41,30753600,4045795,389.97
41,30950281,4045795,371.49
41,33740064,4045795,383.46
41,29890970,4045795,400.10
41,32467921,4045795,394.48
41,29392481,4045795,377.97
41,34309523,4045795,385.72
41,33517323,4045795,383.32
41,33693771,4045795,380.82
41,31333153,4045795,389.20
41,29656974,2402426,349.56
41,34536350,4045795,385.69
41,31189559,4045795,388.96
41,30251472,4045795,390.62
41,32033595,4045795,391.26
41,31972970,4045795,358.48
41,31280461,4045795,384.71
41,33665533,4045795,388.45
41,32142583,4045795,389.64
41,34474004,4045795,371.46
41,29326767,4045795,359.14
41,34307563,4045795,382.89
41,34522944,4045795,391.11
41,28965595,2402426,359.42
41,34087550,4045795,388.25
41,30841971,4045795,390.88
41,29937538,4045795,384.40
41,33233938,4045795,385.16
41,34002426,4045795,375.35
41,32209660,4045795,382.98
42,33555944,4045795,393.67
42,32970907,4045795,391.62
42,33829067,4045795,397.35
42,34098095,4045795,391.19
42,32809000,4045795,384.44
42,34017331,4045795,394.57
42,30662154,4045795,389.62
42,33376876,4045795,385.61
42,33475070,4045795,387.73
42,31172748,4045795,392.69
42,34608571,4045795,399.82
42,32950912,4045795,365.34
42,33975268,4045795,392.37
42,29966326,4045795,363.68
42,32692189,4045795,364.19
42,33271598,4045795,392.58
42,33888311,4045795,390.92
42,31544201,2402426,363.82
42,34593904,4045795,406.45
42,32202970,4045795,384.42
42,33088120,4045795,392.66
42,34288811,4045795,393.68
42,32545255,4045795,363.04
42,33643095,4045795,355.23
42,30766805,2402426,357.37
42,33540481,4045795,390.05
42,33764856,4045795,389.07
42,31631288,2402426,365.62
42,31472615,4045795,396.26
42,27621490,2281753,362.05
42,31108105,2402426,360.81
42,34286312,4045795,379.36
42,29343043,2281753,361.63
42,32481893,4045795,392.85
42,32097863,4045795,388.05
42,33457166,4045795,391.05
42,30839176,2402426,368.97
42,33499714,4045795,398.09
42,33405968,4045795,396.62
42,30888434,4045795,386.11
42,33300316,4045795,369.44
42,32214118,4045795,391.05
42,30065121,4045795,367.15
42,31608504,2402426,359.71
42,31794889,4045795,365.36
42,32941016,4045795,376.66
42,34041095,4045795,392.89
43,33598080,4045795,397.37
43,34901105,4045795,395.70
43,34183411,4045795,379.13
43,34033381,4045795,410.13
43,34573919,4045795,394.70
43,35087229,4045795,390.75
43,33718253,4045795,396.63
43,32478967,4045795,373.09
43,33153793,4045795,396.35
43,35403842,4045795,396.05
43,33649982,4045795,398.95
43,32275028,2402426,365.37
43,31188086,4045795,388.72
43,30217822,2402426,374.82
43,35418518,4045795,401.01
43,33093321,4045795,394.72
43,32458069,4045795,394.26
43,32231327,4045795,395.61
43,33438313,4045795,402.32
43,33454718,4045795,387.71
43,29837574,2402426,371.27
43,34130544,4045795,400.23
43,34177138,4045795,399.33
43,34671394,4045795,418.40
43,35719958,4045795,393.78
43,34073798,4045795,395.90
43,33681128,4045795,405.29
43,33456450,4045795,396.13
43,32817728,4045795,403.67
43,34527750,4045795,398.63
43,33278059,4045795,403.94
43,32793708,4045795,390.25
43,34139160,4045795,394.37
43,34646190,4045795,396.82
43,35758738,4045795,400.94
43,33467719,4045795,397.73
43,34454830,4045795,396.49
43,33916231,4045795,379.02
43,33813869,4045795,371.81
43,34893291,4045795,400.68
43,35387742,4045795,389.21
43,33328171,4045795,369.99
43,35544235,4045795,384.16
43,34512417,4045795,394.42
43,35634341,4045795,400.34
43,34400556,4045795,398.55
43,35091903,4045795,378.29
44,32715209,4045795,406.38
44,35002778,4045795,396.89
44,34256410,4045795,398.97
44,31306384,2402426,371.74
44,34268297,4045795,408.36
44,35631218,4045795,404.46
44,35792997,4045795,404.00
44,31891238,4045795,376.86
44,35935550,4045795,410.36
44,33399809,4045795,398.19
44,31745666,2402426,370.89
44,34846288,4045795,381.18
44,35240309,4045795,398.10
44,33508091,4045795,402.36
44,34206753,4045795,399.34
44,34029051,4045795,394.59
44,34737530,4045795,406.71
44,33143418,4045795,404.47
44,34786124,4045795,404.41
44,34337901,4045795,402.40
44,33877561,4045795,402.41
44,33719332,4045795,398.37
44,35941717,4045795,396.85
44,34184650,4045795,397.85
44,32885143,4045795,401.08
44,35922372,4045795,403.00
44,36026817,4045795,405.47
44,34853259,4045795,406.85
44,34483771,4045795,404.97
44,31891727,4045795,369.03
44,35069426,4045795,399.08
44,33535222,4045795,395.45
44,34203121,4045795,398.70
44,34776625,4045795,403.28
44,33454065,4045795,400.00
44,35211468,4045795,408.63
44,35859837,4045795,411.75
44,35022041,4045795,398.78
44,35047809,4045795,394.36
44,34684435,4045795,396.40
44,33628920,4045795,416.31
44,34942087,4045795,398.45
44,35066899,4045795,401.31
44,33851202,4045795,366.57
44,34689720,4045795,402.62
44,34733792,4045795,404.66
44,34549358,4045795,399.75
45,34398688,4045795,389.34
45,36086057,4045795,412.43
45,35561183,4045795,413.57
45,34788750,4045795,397.40
45,35076830,4045795,406.83
45,36295933,4045795,408.93
45,30578236,2402426,355.65
45,31899329,2402426,379.02
45,36095550,4045795,421.59
45,36023561,4045795,410.91
45,33063600,4045795,412.98
45,35572289,4045795,406.59
45,35606228,4045795,413.64
45,36177352,4045795,406.74
45,36395965,4045795,407.05
45,36100948,4045795,410.98
45,35494587,4045795,405.89
45,35010890,4045795,391.18
45,34225463,4045795,403.25
45,35215582,4045795,405.38
45,34173494,4045795,374.29
45,36310877,4045795,408.47
45,36352866,4045795,416.95
45,31961375,2402426,383.02
45,35613388,4045795,411.92
45,36128137,4045795,404.84
45,35876219,4045795,414.29
45,35856893,4045795,411.05
45,36235242,4045795,412.62
45,35719725,4045795,402.66
45,35763765,4045795,416.32
45,36160634,4045795,411.51
45,35111499,4045795,408.16
45,35781495,4045795,407.46
45,34833929,4045795,411.14
45,34644002,4045795,413.14
45,35325156,4045795,397.68
45,35069266,4045795,414.07
45,32570885,2402426,378.57
45,35240649,4045795,407.54
45,34337183,4045795,404.18
45,35337196,4045795,409.80
45,35375304,4045795,406.79
45,35340796,4045795,406.29
45,31367994,2402426,382.59
45,36235242,4045795,406.35
45,36170513,4045795,409.09
46,36311400,4045795,420.10
46,34359525,4045795,407.18
46,36211616,4045795,407.20
46,35561225,4045795,415.63
46,34359525,4045795,414.24
46,36546248,4045795,420.24
46,36546248,4045795,413.25
46,36386222,4045795,408.54
46,36673318,4045795,412.94
46,32716156,2402426,390.49
46,36616680,4045795,421.80
46,35992164,4045795,414.65
46,36461553,4045795,413.35
46,36311400,4045795,418.91
46,36386222,4045795,423.32
46,36386222,4045795,412.48
46,32716156,2402426,385.40
46,36673318,4045795,405.55
46,36546248,4045795,420.62
46,35568186,4045795,414.53
46,36546242,4045795,411.41
46,34480198,4045795,406.61
46,36428535,4045795,420.60
46,34624031,4045795,387.22
46,36461556,4045795,417.91
46,36616680,4045795,411.32
46,35292837,4045795,419.23
46,35981957,4045795,412.85
46,36461553,4045795,408.82
46,36686282,4045795,418.25
46,36386246,4045795,410.71
46,35292837,4045795,411.03
46,36157623,4045795,409.96
46,35537909,4045795,415.56
46,36546242,4045795,417.00
46,36428535,4045795,413.17
46,36627889,4045795,411.00
46,35387172,4045795,411.91
46,36761909,4045795,410.44
46,35466026,4045795,415.55
46,36536276,4045795,419.17
46,36627889,4045795,418.57
46,36157623,4045795,410.62
46,35945124,4045795,412.13
46,35413789,4045795,415.99
46,36536574,4045795,412.84
46,36310911,4045795,416.46
47,36761951,4045795,421.34
